Quote,Author,Tags
Sample quote 1,Author 1,"life, motivation"
Sample quote 2,Author 2,"life, motivation"
Sample quote 3,Author 3,"life, motivation"
Sample quote 4,Author 4,"life, motivation"
Sample quote 5,Author 5,"life, motivation"
Sample quote 6,Author 6,"life, motivation"
Sample quote 7,Author 7,"life, motivation"
Sample quote 8,Author 8,"life, motivation"
Sample quote 9,Author 9,"life, motivation"
Sample quote 10,Author 10,"life, motivation"
Sample quote 11,Author 11,"life, motivation"
Sample quote 12,Author 12,"life, motivation"
Sample quote 13,Author 13,"life, motivation"
Sample quote 14,Author 14,"life, motivation"
Sample quote 15,Author 15,"life, motivation"
Sample quote 16,Author 16,"life, motivation"
Sample quote 17,Author 17,"life, motivation"
Sample quote 18,Author 18,"life, motivation"
Sample quote 19,Author 19,"life, motivation"
Sample quote 20,Author 20,"life, motivation"
Sample quote 21,Author 21,"life, motivation"
Sample quote 22,Author 22,"life, motivation"
Sample quote 23,Author 23,"life, motivation"
Sample quote 24,Author 24,"life, motivation"
Sample quote 25,Author 25,"life, motivation"
Sample quote 26,Author 26,"life, motivation"
Sample quote 27,Author 27,"life, motivation"
Sample quote 28,Author 28,"life, motivation"
Sample quote 29,Author 29,"life, motivation"
Sample quote 30,Author 30,"life, motivation"
Sample quote 31,Author 31,"life, motivation"
Sample quote 32,Author 32,"life, motivation"
Sample quote 33,Author 33,"life, motivation"
Sample quote 34,Author 34,"life, motivation"
Sample quote 35,Author 35,"life, motivation"
Sample quote 36,Author 36,"life, motivation"
Sample quote 37,Author 37,"life, motivation"
Sample quote 38,Author 38,"life, motivation"
Sample quote 39,Author 39,"life, motivation"
Sample quote 40,Author 40,"life, motivation"
Sample quote 41,Author 41,"life, motivation"
Sample quote 42,Author 42,"life, motivation"
Sample quote 43,Author 43,"life, motivation"
Sample quote 44,Author 44,"life, motivation"
Sample quote 45,Author 45,"life, motivation"
Sample quote 46,Author 46,"life, motivation"
Sample quote 47,Author 47,"life, motivation"
Sample quote 48,Author 48,"life, motivation"
Sample quote 49,Author 49,"life, motivation"
Sample quote 50,Author 50,"life, motivation"
Sample quote 51,Author 51,"life, motivation"
Sample quote 52,Author 52,"life, motivation"
Sample quote 53,Author 53,"life, motivation"
Sample quote 54,Author 54,"life, motivation"
Sample quote 55,Author 55,"life, motivation"
Sample quote 56,Author 56,"life, motivation"
Sample quote 57,Author 57,"life, motivation"
Sample quote 58,Author 58,"life, motivation"
Sample quote 59,Author 59,"life, motivation"
Sample quote 60,Author 60,"life, motivation"
Sample quote 61,Author 61,"life, motivation"
Sample quote 62,Author 62,"life, motivation"
Sample quote 63,Author 63,"life, motivation"
Sample quote 64,Author 64,"life, motivation"
Sample quote 65,Author 65,"life, motivation"
Sample quote 66,Author 66,"life, motivation"
Sample quote 67,Author 67,"life, motivation"
Sample quote 68,Author 68,"life, motivation"
Sample quote 69,Author 69,"life, motivation"
Sample quote 70,Author 70,"life, motivation"
Sample quote 71,Author 71,"life, motivation"
Sample quote 72,Author 72,"life, motivation"
Sample quote 73,Author 73,"life, motivation"
Sample quote 74,Author 74,"life, motivation"
Sample quote 75,Author 75,"life, motivation"
Sample quote 76,Author 76,"life, motivation"
Sample quote 77,Author 77,"life, motivation"
Sample quote 78,Author 78,"life, motivation"
Sample quote 79,Author 79,"life, motivation"
Sample quote 80,Author 80,"life, motivation"
Sample quote 81,Author 81,"life, motivation"
Sample quote 82,Author 82,"life, motivation"
Sample quote 83,Author 83,"life, motivation"
Sample quote 84,Author 84,"life, motivation"
Sample quote 85,Author 85,"life, motivation"
Sample quote 86,Author 86,"life, motivation"
Sample quote 87,Author 87,"life, motivation"
Sample quote 88,Author 88,"life, motivation"
Sample quote 89,Author 89,"life, motivation"
Sample quote 90,Author 90,"life, motivation"
Sample quote 91,Author 91,"life, motivation"
Sample quote 92,Author 92,"life, motivation"
Sample quote 93,Author 93,"life, motivation"
Sample quote 94,Author 94,"life, motivation"
Sample quote 95,Author 95,"life, motivation"
Sample quote 96,Author 96,"life, motivation"
Sample quote 97,Author 97,"life, motivation"
Sample quote 98,Author 98,"life, motivation"
Sample quote 99,Author 99,"life, motivation"
Sample quote 100,Author 100,"life, motivation"
